<?xml version="1.0" encoding="utf-8"?>
<!DOCTYPE hibernate-configuration PUBLIC
        "-//Hibernate/Hibernate Configuration DTD 3.0//EN"
        "http://hibernate.sourceforge.net/hibernate-configuration-3.0.dtd">

<hibernate-configuration>
    <session-factory>

        <!-- MySQL Database Configuration -->
        <property name="hibernate.connection.url">jdbc:mysql://localhost:3306/hibernate_demo</property>
        <property name="hibernate.connection.username">root</property>
        <property name="hibernate.connection.password">root</property>
        <property name="hibernate.connection.driver_class">com.mysql.cj.jdbc.Driver</property>

        <!-- Hibernate Settings -->
        <property name="hibernate.dialect">org.hibernate.dialect.MySQLDialect</property>
        <property name="hibernate.show_sql">true</property>
        <property name="hibernate.hbm2ddl.auto">update</property> <!-- Use "create" for first-time schema creation -->

        <!-- Annotated Class -->
        <mapping class="com.atuluttam.Song" />

    </session-factory>
</hibernate-configuration>
